질문,분류
오늘 코로나 확진자 수좀 알려줘,신규
금일 코로나 확진자 수좀 알려줘,신규
신규 코로나 확진자 수좀 알려줘,신규
오늘 전체 코로나 확진자 몇 명이야,신규
오늘 코로나 확진자 몇 명이야,신규
금일 코로나 확진자 몇 명이에요,신규
오늘 전국 코로나 확진자 몇 명인가요,신규
오늘 전국에 코로나 확진자 몇 명이에요,신규
금일 전국 코로나 확진자 수는 몇 명인가요,신규
오늘 우리나라 코로나 걸린 사람 몇 명이야,신규
오늘 대한민국 코로나 확진자 몇 명 생겼나요,신규
코로나 확진자 오늘 몇 명 생겼죠,신규
코로나 오늘 얼마나 걸렸어,신규
코로나 신규 확진자 얼마나 늘었나요,신규
신규 코로나 확진자 수좀 알려주세요,신규
혹시 오늘 신규 확진자 얼마나 되지,신규
신규 코로나 확진자 몇 명이나 생겼나요,신규
오늘 확진자 몇 명 추가됬나요,신규
오늘 코로나 걸린 사람은 몇 명인가요,신규
오늘 새로 코로나 걸린 사람 몇 명이에요,신규
금일 코로나 신규 확진자 명수 몇 명이야,신규
신규 확진자 명수좀 알려주세요,신규
새로 코로나 걸린 사람 몇 명이에요,신규
오늘 확진자 몇 명 늘었나요,신규
오늘 새로 생긴 코로나 확진자 얼마나 되요,신규
신규 확진자 숫자좀 알려줄래,신규
음 혹시 오늘 코로나 신규 확진자 얼마나 돼,신규
저기 혹시 오늘 신규 확진자 몇 명이나 돼,신규
그 저기 오늘 코로나 얼마나 걸렸나요,신규
어 오늘 신규 확진자 얼마나 되노,신규
신규 확진자 몇 명,신규
코로나 새로 걸린 사람 몇 명이나 되냐,신규
어 음 혹시 음 코로나 신규 확진자 음 얼마나 되나요,신규
혹시 음 확진자 오늘 추가로 음 얼마나 추가 됬나요,신규
저기 코로나 신규 확진자 지금 몇 명이죠,신규
그 오늘 코로나 확진자 100명 넘나요,신규
금일 신규 코로나 확진자 음 몇 명이나 되죠,신규
대한민국 전체 코로나 확진자 몇 명이에요,전체
우리나라 총 코로나 확진자는 얼마나 되요,전체
누적 코로나 확진자 수좀 알려주세요,전체
전체 코로나 확진자 몇 명 정도 되요,전체
한국 전체 코로나 확진자 수는 몇 명인가요,전체
전체 코로나 확진자 수가 지금 어떻게 되나요,전체
누적 코로나 확진자 수 지금 몇 명이에요,전체
지금 전체 코로나 확진자 수 몇 명이야,전체
총 누적 코로나 확진자 수좀 알려줘,전체
코로나 누적 확진자 몇 명이야,전체
코로나 전체 확진자 지금 몇 명인가요,전체
음 누적 코로나 확진자 명수좀 알고싶어요,전체
지금 대한민국 총 확진자 몇 명이에요,전체
지금까지 코로나 걸린사람 총 몇 명인가요,전체
코로나 확진자 수,전체
혹시 전체 코로나 확진자 명 수 좀 가르쳐 주시나요,전체
전체 코로나 확진자 수 몇 명이야,전체
대한민국 토탈 코로나 확진자 수 몇 명인가요,전체
지금까지 발생된 코로나 확진자 수 총 몇 명인가요,전체
토탈 코로나 확진자 수 알려주세요,전체
어 저기 토탈 코로나 확진자 수 저기 얼마나 되지,전체
그 혹시 전체 코로나 확진자 수 지금까지 몇 명이야,전체
전체 확진자 수는 몇 명이야,전체
토탈 확진자 수는 얼마나 되지,전체
누적 확진자 수는 몇 명,전체
코로나 확진자 알려주세요,전체
코로나 확진자 몇 명이야,전체
코로나 몇 명 걸렸어,전체
코로나 확진자 명 수,전체
확진자 수,전체
확진자 얼마나 돼,전체
코로나 걸린 사람,전체
코로나 감염된 사람,전체
코로나 감염된 사람 얼마나 되요,전체
몇 명 걸렸어 코로나,전체
감염된 사람,전체
코로나 얼마나 걸렸어,전체
코로나 얼마나 감염됬나요,전체
코로나 확진자,전체
코로나 감염자 숫자좀 가르쳐줘,전체
오늘 서울에 코로나 확진자 수는 몇 명이야,신규
오늘 부산에 확진자 수 몇 명이야,신규
인천에 오늘 코로나 확진자 수 몇 명이야,신규
오늘 대구에 확진자 몇 명이야,신규
울산에 오늘 확진자 몇 명이야,신규
대전 코로나 확진자 수좀 알려주세요,신규
광주에 오늘 신규 코로나 확진자 수 몇 명이에요,신규
경기 지역 새로 걸린 코로나 환자 수 몇 명이에요,신규
강원도 새로 걸린 확진자 수 몇 명이에요,신규
경기도 오늘 확진자 수 몇 명이에요,신규
강원 지역 금일 코로나 몇 명 걸렸어요,신규
충북에 오늘 코로나 걸린 사람 몇 명이에요,신규
충남에 코로나 몇 명 걸린지 알고 싶어요,신규
오늘 경북 코로나 확진자 몇 명이에요,신규
오늘 경남에 확진자 몇 명이에요,신규
전북 코로나 확진자 수 알려주세요,신규
전남 오늘 코로나 몇 명 걸렸어요,신규
제주도에 코로나 오늘 얼마나 걸렸어요,신규
서울에 코로나 오늘 몇 명 걸렸나요,신규
오늘 부산 코로나 신규 확진자 몇 명이에요,신규
오늘 인천에 코로나 걸린 사람 몇 명이에요,신규
오늘 대구 코로나 확진자 몇 명이에요,신규
울산에 오늘 코로나 몇 명 걸렸어요,신규
대전에 코로나 오늘 몇 명 걸렸나요,신규
금일 광주 코로나 확진자 숫자좀 알려줘,신규
경기도 오늘 확진자 몇 명 나왔어요,신규
강원도에 오늘 확진자 얼마나 나왔어요,신규
충청북도에 오늘 확진자 수좀 알려줄수 있나요,신규
경상북도 금일 확진자 수좀 알려주세요,신규
경상남도 오늘 발생된 확진자 수는 몇 명이에요,신규
충청남도에 오늘 코로나 걸린 사람 몇 명이에요,신규
전라북도 금일 코로나 몇 명 걸렸어요,신규
제주도 오늘 코로나 몇 명 걸렸어,신규
충북 지역 오늘 신규 확진자 몇 명이야,신규
충남에 오늘 코로나 얼마나 걸렸나요,신규
오늘 경북 확진자 수좀 알려줘,신규
금일 경남 확진자 수좀 알려주세요,신규
서울 누적 코로나 확진자 수는 몇 명이야,전체
인천지역 전체 코로나 확진자 수 몇 명이야,전체
대구에 코로나 전체 확진자 몇 명이야,전체
대전에 누적 코로나 확진자 수좀 알려주세요,전체
광주에 누적 코로나 확진자 수는 몇 명인가요,전체
강원도 누적 확진자 수 몇 명이에요,전체
경기도 전체 코로나 확진자 수 몇 명이에요,전체
경북 누적 코로나 확진자 몇 명이에요,전체
어 경남에 누적 확진자 몇 명이에요,전체
전북 지역 전체 코로나 확진자 수 알려주세요,전체
제주도에 전체 코로나 걸린사람 얼마나 되요,전체
서울에 코로나 전체 몇 명 걸렸나요,전체
오늘 부산 코로나 누적 확진자 몇 명이에요,전체
인천에 코로나 걸린 사람 전체 몇 명이에요,전체
대구 코로나 확진자 전체 몇 명이에요,전체
울산에 코로나 누적 몇 명 걸렸어요,전체
대전에 코로나 전체 몇 명 걸렸나요,전체
광주 코로나 누적 확진자 숫자좀 알려줘,전체
강원도에 누적 확진자 얼마나 나왔어요,전체
충청북도에 전체 확진자 수좀 알려줄수 있나요,전체
경상북도 총 확진자 수좀 알려주세요,전체
경상남도 발생된 확진자 수는 총 몇 명이에요,전체
충청남도에 코로나 걸린 사람 총 몇 명이에요,전체
전라북도 코로나 누적 몇 명 걸렸어요,전체
제주도 코로나 전체 몇 명 걸렸어,전체
충북 지역 누적 확진자 몇 명이야,전체
충남에 코로나 총 얼마나 걸렸나요,전체
경북 확진자 전체 수좀 알려줘,전체
경남 확진자 누적 수좀 알려주세요,전체
서울에 코로나 걸린 사람 몇 명이야,전체
인천에 코로나 감염된 사람 얼마나 돼,전체
부산 코로나 감염자 숫자는 몇 명이야,전체
경북 코로나 걸린 사람,전체
전북 코로나 확진자,전체
경상남도 코로나 확진자 수,전체
제주지역 코로나 감염자,전체
대전에 코로나 얼마나 걸렸나요,전체
충청남도 코로나 확진자,전체
전라남도 코로나 숫자,전체
대구 감염자 수,전체
울산 코로나 확진자 수치 알려주세요,전체
서울에 여태까지 코로나 걸린사람 몇 명인지 가르쳐주세요,전체
경상북도 지역에 코로나 걸린 사람 얼마나 되나요,전체
